time,open,high,low,close,volume
2021-09-13,3215.15991,3380.58008,3117.12988,3284.030029,0
2021-09-14,3284.62012,3429.70996,3270.12988,3429.45996,0
2021-09-15,3434.37988,3613.22998,3360.0,3613.13989,0
2021-09-16,3614.33008,3672.30005,3485.69995,3568.30005,0
2021-09-17,3568.0,3593.070068,3351.57007,3399.030029,0
2021-09-18,3399.88989,3540.30005,3371.40991,3436.12988,0
2021-09-19,3435.52002,3455.98999,3284.02002,3328.90991,0
2021-09-20,3328.98999,3346.88989,2923.53003,2976.030029,0
2021-09-21,2977.92993,3103.6499,2653.58008,2765.37012,0
2021-09-22,2766.78003,3087.47998,2739.52002,3077.98999,0
2021-09-23,3077.82007,3172.040039,3034.88989,3152.67993,0
2021-09-24,3151.33008,3158.15991,2739.37012,2927.84009,0
2021-09-25,2925.76001,2964.95996,2807.5,2922.030029,0
2021-09-26,2922.01001,3114.47998,2738.69995,3063.63989,0
2021-09-27,3058.71997,3163.87988,2923.92993,2925.76001,0
2021-09-28,2925.3999,2969.69995,2790.59009,2806.19995,0
2021-09-29,2803.54004,2948.37988,2783.83008,2851.84009,0
2021-09-30,2850.65991,3047.93994,2837.87988,2999.76001,0
2021-10-01,2998.8999,3329.91992,2969.18994,3307.76001,0
2021-10-02,3310.18994,3467.26001,3258.90991,3389.87988,0
2021-10-03,3388.86011,3484.6001,3344.75,3418.0,0
2021-10-04,3416.73999,3436.13989,3274.86011,3381.82007,0
2021-10-05,3386.3501,3542.62988,3365.12988,3515.96997,0
2021-10-06,3515.5,3626.25,3346.050049,3574.56006,0
2021-10-07,3574.77002,3653.48999,3472.79004,3586.27002,0
2021-10-08,3587.15991,3667.88989,3536.6001,3558.87988,0
2021-10-09,3563.75,3632.20996,3540.20996,3573.70996,0
2021-10-10,3575.57007,3598.86011,3409.0,3415.52002,0
2021-10-11,3413.80005,3621.58008,3377.53003,3541.42993,0
2021-10-12,3539.55005,3546.87988,3404.12988,3491.82007,0
2021-10-13,3490.19995,3612.44995,3413.6001,3607.43994,0
2021-10-14,3607.72998,3821.6499,3588.070068,3790.95996,0
2021-10-15,3790.72998,3899.87988,3735.15991,3869.16992,0
2021-10-16,3869.1499,3966.47998,3804.86011,3825.82007,0
2021-10-17,3830.23999,3917.28003,3652.67993,3847.54004,0
2021-10-18,3850.02002,3891.29004,3681.16992,3747.56006,0
2021-10-19,3745.61011,3884.30005,3733.62988,3876.91992,0
2021-10-20,3878.47998,4167.50977,3830.01001,4161.33008,0
2021-10-21,4160.95996,4369.99023,4027.70996,4054.15991,0
2021-10-22,4053.090088,4166.18994,3896.37988,3971.0,0
2021-10-23,3971.58008,4171.91992,3938.98999,4168.93994,0
2021-10-24,4167.81006,4184.58008,3966.1001,4081.80005,0
2021-10-25,4083.3999,4233.6499,4069.17993,4218.50977,0
2021-10-26,4221.2998,4290.99023,4094.76001,4128.81982,0
2021-10-27,4131.41016,4298.7998,3913.73999,3922.20996,0
2021-10-28,3920.88989,4293.060059,3897.080078,4285.91016,0
2021-10-29,4285.75977,4456.41992,4268.12988,4413.33008,0
2021-10-30,4420.049805,4431.029785,4247.029785,4323.5,0
2021-10-31,4324.060059,4393.99023,4166.9502,4286.70996,0
2021-11-01,4288.049805,4375.99023,4155.58008,4320.52979,0
2021-11-02,4318.77979,4599.54004,4285.60986,4586.43018,0
2021-11-03,4590.66992,4664.25,4455.1499,4600.87012,0
2021-11-04,4603.72021,4605.83984,4421.60986,4532.97021,0
2021-11-05,4532.68994,4568.93994,4441.060059,4474.31006,0
2021-11-06,4473.56982,4527.3501,4328.81982,4517.12012,0
2021-11-07,4516.72021,4634.56006,4502.56006,4612.74023,0
2021-11-08,4613.89014,4823.45996,4612.72998,4808.91992,0
2021-11-09,4808.54004,4837.18994,4714.72998,4731.99023,0
2021-11-10,4732.75977,4864.77979,4476.080078,4634.22021,0
2021-11-11,4628.39014,4779.24023,4577.83984,4720.79004,0
2021-11-12,4719.18018,4805.83984,4509.83008,4666.20996,0
2021-11-13,4665.68994,4705.1001,4585.080078,4644.37012,0
2021-11-14,4643.35986,4694.62988,4515.49023,4625.6001,0
2021-11-15,4628.3501,4767.64014,4541.7998,4563.2002,0
2021-11-16,4563.66992,4563.66992,4121.3501,4207.41016,0
2021-11-17,4208.3501,4298.93994,4071.78003,4290.33008,0
2021-11-18,4287.8999,4342.47021,3957.97998,3995.27002,0
2021-11-19,3996.80005,4305.50977,3975.91992,4293.62012,0
2021-11-20,4293.37988,4434.37012,4207.14014,4411.70996,0
2021-11-21,4412.72998,4422.47998,4245.31982,4266.89014,0
2021-11-22,4262.27002,4314.8999,4026.13989,4086.95996,0
2021-11-23,4085.96997,4384.49023,4061.8501,4339.16992,0
2021-11-24,4338.85986,4372.87012,4171.75977,4272.74023,0
2021-11-25,4269.6001,4550.99023,4248.39014,4521.83008,0
2021-11-26,4526.27979,4548.25977,3919.67993,4044.51001,0
2021-11-27,4041.91992,4183.16992,4029.3999,4097.97021,0
2021-11-28,4094.90991,4297.66016,3978.45996,4295.0,0
2021-11-29,4295.4502,4456.33008,4280.35986,4443.99023,0
2021-11-30,4444.85986,4752.50977,4349.43994,4620.22021,0
2021-12-01,4630.22998,4777.79004,4526.16016,4583.0097656,0
2021-12-02,4583.0097656,4629.60986,4436.33984,4512.8999,0
2021-12-03,4509.91016,4651.47021,4051.59009,4223.10986,0
2021-12-04,4212.91992,4237.93994,3467.77002,4117.27979,0
2021-12-05,4117.2998,4246.95996,4035.56006,4194.33984,0
2021-12-06,4199.080078,4370.77002,3923.52002,4354.27002,0
2021-12-07,4346.20996,4423.75977,4258.95996,4306.5498,0
2021-12-08,4306.3501,4449.37012,4228.75977,4436.47021,0
2021-12-09,4437.52002,4483.8999,4077.65991,4105.89014,0
2021-12-10,4104.58008,4228.43018,3890.78003,3903.46997,0
2021-12-11,3897.63989,4094.88989,3836.12012,4085.34009,0
2021-12-12,4090.01001,4173.0097656,3987.21997,4130.93994,0
2021-12-13,4129.68994,4141.93994,3672.71997,3783.12012,0
2021-12-14,3782.34009,3878.57007,3689.8999,3860.26001,0
2021-12-15,3859.40991,4091.58008,3652.17993,4018.72998,0
2021-12-16,4019.8999,4111.85986,3954.51001,3956.96997,0
2021-12-17,3959.59009,3993.19995,3700.81006,3877.75,0
2021-12-18,3874.6001,3996.61011,3767.21997,3958.87012,0
2021-12-19,3959.48999,4028.65991,3888.62988,3924.17993,0
2021-12-20,3923.98999,3979.75,3756.68994,3943.34009,0
2021-12-21,3947.11011,4060.050049,3914.69995,4015.55005,0
2021-12-22,4014.3501,4071.42993,3942.98999,3979.22998,0
2021-12-23,3979.23999,4149.9502,3895.29004,4110.45996,0
2021-12-24,4112.37988,4132.68018,4019.37988,4043.57007,0
2021-12-25,4047.02002,4136.56982,4022.20996,4093.88989,0
2021-12-26,4096.5498,4104.0097656,4005.26001,4060.69995,0
2021-12-27,4063.67993,4125.33008,4031.61011,4035.70996,0
2021-12-28,4036.37012,4036.37012,3760.34009,3792.37988,0
2021-12-29,3792.87012,3825.97998,3605.11011,3629.98999,0
2021-12-30,3628.86011,3767.79004,3588.70996,3709.55005,0
2021-12-31,3709.43994,3811.70996,3623.75,3678.46997,0
2022-01-01,3677.61011,3775.30005,3675.71997,3765.62012,0
2022-01-02,3765.16992,3853.1499,3718.75,3829.55005,0
2022-01-03,3828.36011,3850.22998,3682.3501,3763.79004,0
2022-01-04,3765.1499,3891.37988,3716.060059,3785.87012,0
2022-01-05,3784.82007,3846.63989,3415.72998,3537.90991,0
2022-01-06,3538.1001,3550.31006,3304.93994,3409.56006,0
2022-01-07,3406.87988,3415.53003,3063.91992,3195.3501,0
2022-01-08,3198.96997,3247.21997,3001.0,3081.16992,0
2022-01-09,3080.41992,3210.3999,3060.13989,3150.83008,0
2022-01-10,3150.36011,3179.84009,2929.6001,3085.54004,0
2022-01-11,3082.72998,3262.080078,3052.62988,3237.37988,0
2022-01-12,3238.66992,3408.97998,3206.43994,3372.080078,0
2022-01-13,3370.3501,3409.050049,3235.01001,3239.42993,0
2022-01-14,3240.6499,3342.030029,3191.57007,3307.5,0
2022-01-15,3307.95996,3370.93994,3264.1499,3327.19995,0
2022-01-16,3326.44995,3388.98999,3276.15991,3346.56006,0
2022-01-17,3347.20996,3356.40991,3142.26001,3208.8999,0
2022-01-18,3209.62012,3243.28003,3083.02002,3160.12988,0
2022-01-19,3160.12988,3174.98999,3049.080078,3082.19995,0
2022-01-20,3085.92993,3270.62988,2987.29004,3006.13989,0
2022-01-21,2999.87988,3033.29004,2462.6001,2568.61011,0
2022-01-22,2566.38989,2620.30005,2305.46997,2411.8501,0
2022-01-23,2412.44995,2547.20996,2372.84009,2541.67993,0
2022-01-24,2538.52002,2538.82007,2160.01001,2441.41992,0
2022-01-25,2441.060059,2506.02002,2351.43994,2456.73999,0
2022-01-26,2458.70996,2718.45996,2402.73999,2461.41992,0
2022-01-27,2462.11011,2516.77002,2318.33008,2424.21997,0
2022-01-28,2424.26001,2556.8501,2361.66992,2545.54004,0
2022-01-29,2545.27002,2636.080078,2520.18994,2598.72998,0
2022-01-30,2601.27002,2636.52002,2543.63989,2602.62012,0
2022-01-31,2601.76001,2705.8501,2478.53003,2686.59009,0
2022-02-01,2686.94995,2812.96997,2675.30005,2787.58008,0
2022-02-02,2788.1001,2809.79004,2614.77002,2681.75,0
2022-02-03,2680.47998,2723.41992,2578.51001,2691.61011,0
2022-02-04,2695.12012,2994.37988,2671.72998,2994.37988,0
2022-02-05,2993.17993,3059.57007,2961.37012,3013.86011,0
2022-02-06,3013.57007,3072.84009,2952.090088,3055.12988,0
2022-02-07,3055.65991,3183.51001,2994.13989,3139.58008,0
2022-02-08,3145.62988,3214.80005,3032.42993,3115.66992,0
2022-02-09,3117.23999,3266.52002,3055.090088,3243.56006,0
2022-02-10,3243.44995,3279.38989,3059.73999,3071.93994,0
2022-02-11,3072.67993,3134.18994,2882.0,2927.51001,0
2022-02-12,2927.45996,2984.34009,2859.38989,2917.82007,0
2022-02-13,2919.15991,2952.36011,2838.070068,2870.78003,0
2022-02-14,2872.29004,2963.1499,2832.79004,2930.27002,0
2022-02-15,2930.62988,3195.36011,2912.75,3183.77002,0
2022-02-16,3184.1001,3185.76001,3046.3501,3122.98999,0
2022-02-17,3122.62988,3158.98999,2853.8501,2893.090088,0
2022-02-18,2891.70996,2942.37012,2753.61011,2779.37988,0
2022-02-19,2778.66992,2829.58008,2697.8999,2764.1499,0
2022-02-20,2763.86011,2764.27002,2576.56006,2619.97998,0
2022-02-21,2621.23999,2757.02002,2560.3501,2567.11011,0
2022-02-22,2569.54004,2663.21997,2500.3501,2637.17993,0
2022-02-23,2637.080078,2752.070068,2577.060059,2577.060059,0
2022-02-24,2579.83008,2725.56006,2301.68994,2596.62988,0
2022-02-25,2596.6001,2831.94995,2572.71997,2767.98999,0
2022-02-26,2768.34009,2867.060059,2731.83008,2778.94995,0
2022-02-27,2779.45996,2835.41992,2562.030029,2616.42993,0
2022-02-28,2616.59009,2948.76001,2573.65991,2921.52002,0
2022-03-01,2921.81006,3036.33008,2855.19995,2975.8501,0
2022-03-02,2978.02002,3041.81006,2914.94995,2948.80005,0
2022-03-03,2947.90991,2970.44995,2785.15991,2835.070068,0
2022-03-04,2833.96997,2836.030029,2575.070068,2621.54004,0
2022-03-05,2622.070068,2684.6001,2591.44995,2665.080078,0
2022-03-06,2665.37012,2673.81006,2541.12988,2550.71997,0
2022-03-07,2550.73999,2645.69995,2445.6499,2493.19995,0
2022-03-08,2491.51001,2623.6499,2482.51001,2576.060059,0
2022-03-09,2576.01001,2773.63989,2568.38989,2726.77002,0
2022-03-10,2727.8999,2732.72998,2553.22998,2606.97998,0
2022-03-11,2604.53003,2675.16992,2523.26001,2557.11011,0
2022-03-12,2557.52002,2612.8501,2554.68994,2568.92993,0
2022-03-13,2569.040039,2602.37012,2494.11011,2514.8501,0
2022-03-14,2515.3999,2609.26001,2500.23999,2590.44995,0
2022-03-15,2590.060059,2668.21997,2511.01001,2618.41992,0
2022-03-16,2618.1001,2787.42993,2603.67993,2773.43994,0
2022-03-17,2773.90991,2834.060059,2747.0,2811.8999,0
2022-03-18,2811.56006,2983.88989,2767.66992,2938.56006,0
2022-03-19,2938.51001,2984.13989,2895.12012,2951.34009,0
2022-03-20,2951.22998,2963.63989,2818.59009,2861.33008,0
2022-03-21,2860.71997,2960.32007,2832.1001,2890.22998,0
2022-03-22,2889.12012,3050.44995,2887.53003,2969.55005,0
2022-03-23,2969.030029,3042.28003,2924.13989,3036.61011,0
2022-03-24,3036.95996,3127.1001,3003.92993,3110.78003,0
2022-03-25,3110.91992,3192.82007,3077.6001,3102.62988,0
2022-03-26,3103.0,3150.5,3086.0,3145.44995,0
2022-03-27,3145.070068,3298.98999,3126.37988,3296.1001,0
2022-03-28,3292.69995,3429.31006,3276.28003,3333.12012,0
2022-03-29,3334.080078,3480.53003,3332.65991,3400.3999,0
2022-03-30,3400.030029,3447.02002,3333.26001,3385.93994,0
2022-03-31,3385.53003,3443.71997,3262.13989,3282.34009,0
2022-04-01,3281.96997,3481.1001,3212.050049,3455.070068,0
2022-04-02,3455.11011,3529.29004,3435.070068,3442.40991,0
2022-04-03,3443.83008,3579.37988,3413.45996,3521.52002,0
2022-04-04,3522.34009,3545.91992,3411.5,3519.94995,0
2022-04-05,3519.01001,3553.45996,3399.57007,3406.060059,0
2022-04-06,3406.42993,3406.42993,3162.26001,3169.37988,0
2022-04-07,3167.44995,3261.30005,3143.8999,3228.51001,0
2022-04-08,3226.6499,3306.3501,3175.41992,3193.87988,0
2022-04-09,3200.93994,3268.17993,3181.92993,3263.45996,0
2022-04-10,3259.42993,3305.92993,3192.71997,3201.67993,0
2022-04-11,3202.36011,3212.62988,2949.47998,2979.72998,0
2022-04-12,2980.62012,3083.61011,2951.17993,3027.53003,0
2022-04-13,3027.8999,3128.44995,2998.32007,3116.70996,0
2022-04-14,3117.87988,3143.53003,2977.25,3021.70996,0
2022-04-15,3021.65991,3054.26001,2995.36011,3040.0,0
2022-04-16,3040.20996,3083.45996,3010.68994,3059.13989,0
2022-04-17,3059.45996,3081.25,2983.21997,2988.22998,0
2022-04-18,2988.0,3069.53003,2885.45996,3054.95996,0
2022-04-19,3055.94995,3129.040039,3030.0,3101.87988,0
2022-04-20,3101.73999,3163.34009,3037.91992,3075.97998,0
2022-04-21,3076.070068,3177.69995,2946.34009,2983.54004,0
2022-04-22,2983.31006,3032.66992,2934.86011,2962.78003,0
2022-04-23,2962.22998,2977.79004,2917.92993,2931.61011,0
2022-04-24,2932.69995,2966.84009,2913.21997,2921.78003,0
2022-04-25,2920.87012,3024.56006,2798.38989,3006.3999,0
2022-04-26,3007.59009,3033.42993,2771.84009,2810.57007,0
2022-04-27,2810.27002,2918.37012,2794.71997,2888.95996,0
2022-04-28,2889.12988,2978.31006,2855.63989,2936.6001,0
2022-04-29,2936.61011,2946.31006,2777.87988,2816.8999,0
2022-04-30,2817.37988,2841.52002,2718.63989,2727.58008,0
2022-05-01,2726.79004,2847.36011,2716.28003,2825.25,0
2022-05-02,2826.050049,2881.27002,2779.13989,2855.95996,0
2022-05-03,2856.62012,2861.1499,2756.63989,2781.28003,0
2022-05-04,2781.83008,2965.79004,2771.96997,2941.22998,0
2022-05-05,2940.87012,2953.22998,2726.02002,2747.84009,0
2022-05-06,2747.83008,2758.090088,2635.55005,2692.71997,0
2022-05-07,2692.95996,2703.1499,2590.080078,2635.57007,0
2022-05-08,2635.90991,2641.98999,2488.48999,2519.34009,0
2022-05-09,2519.93994,2529.88989,2227.050049,2231.33008,0
2022-05-10,2233.91992,2455.26001,2201.25,2342.52002,0
2022-05-11,2341.25,2451.0,2007.59998,2087.01001,0
2022-05-12,2090.19995,2190.45996,1791.01001,1958.88,0
2022-05-13,1959.26001,2146.62012,1940.85999,2009.31006,0
2022-05-14,2011.21997,2069.45996,1951.89001,2055.56006,0
2022-05-15,2055.92993,2166.20996,2000.97998,2145.44995,0
2022-05-16,2145.1499,2145.1499,1982.33997,2023.31006,0
2022-05-17,2023.85999,2121.92993,2009.43994,2091.23999,0
2022-05-18,2090.80005,2109.33008,1908.43005,1914.15002,0
2022-05-19,1915.80005,2039.5,1903.31995,2019.43005,0
2022-05-20,2019.099976,2062.23999,1923.66003,1959.41003,0
2022-05-21,1958.96997,1990.25,1939.19995,1975.15002,0
2022-05-22,1974.60999,2055.6499,1966.54004,2042.80005,0
2022-05-23,2043.10999,2088.22998,1957.23999,1972.77002,0
2022-05-24,1973.5,1992.87,1914.35999,1979.48999,0
2022-05-25,1978.81995,2021.54004,1937.040039,1943.099976,0
2022-05-26,1942.96997,1965.22998,1740.17004,1793.26001,0
2022-05-27,1791.71997,1821.30005,1713.069946,1726.68994,0
2022-05-28,1728.55005,1808.62,1722.76001,1792.15002,0
2022-05-29,1793.12,1825.69995,1763.90002,1813.53003,0
2022-05-30,1813.53003,2011.0,1803.76001,1999.17004,0
2022-05-31,1998.88,2014.84998,1928.42004,1942.060059,0
2022-06-01,1942.59998,1971.54004,1766.37,1818.73999,0
2022-06-02,1817.81006,1851.84998,1784.70996,1833.94995,0
2022-06-03,1834.069946,1843.59998,1739.030029,1775.13,0
2022-06-04,1775.14001,1815.5,1749.0,1804.73999,0
2022-06-05,1804.68994,1829.92004,1774.84998,1805.88,0
2022-06-06,1805.90002,1919.58997,1804.39001,1859.94995,0
2022-06-07,1859.68005,1871.39001,1727.22998,1813.60999,0
2022-06-08,1813.40002,1837.22998,1765.88,1791.52002,0
2022-06-09,1792.27002,1832.54004,1777.55005,1788.12,0
2022-06-10,1788.81006,1802.41003,1656.060059,1662.93005,0
2022-06-11,1663.71997,1681.87,1501.94995,1532.16003,0
2022-06-12,1534.66003,1543.63,1429.099976,1435.72998,0
2022-06-13,1433.18994,1453.84998,1168.59998,1208.099976,0
2022-06-14,1209.18994,1262.45996,1076.54004,1210.18994,0
2022-06-15,1208.78003,1246.26001,1016.65997,1237.45996,0
2022-06-16,1237.41003,1255.89001,1052.63,1068.14001,0
2022-06-17,1068.78003,1117.80005,1051.64001,1086.39001,0
2022-06-18,1086.76001,1097.15002,881.96002,995.66998,0
2022-06-19,995.039978,1156.030029,938.27002,1128.22998,0
2022-06-20,1128.57996,1168.01001,1054.77002,1128.68994,0
2022-06-21,1128.5,1189.81995,1109.66003,1125.75,0
2022-06-22,1125.87,1126.66003,1044.030029,1049.10999,0
2022-06-23,1050.02002,1153.55005,1046.14001,1144.80005,0
2022-06-24,1144.030029,1245.040039,1132.90002,1224.68005,0
2022-06-25,1225.75,1254.96997,1180.87,1241.55005,0
2022-06-26,1241.90002,1277.22998,1194.98999,1198.050049,0
2022-06-27,1197.68005,1238.22998,1175.23999,1190.77002,0
2022-06-28,1192.030029,1235.97998,1136.96997,1143.87,0
2022-06-29,1143.76001,1155.59998,1088.10999,1099.38,0
2022-06-30,1100.18994,1106.19995,1000.099976,1071.56995,0
2022-07-01,1072.31006,1113.33997,1033.94995,1059.01001,0
2022-07-02,1059.73999,1078.57996,1028.57996,1066.73999,0
2022-07-03,1067.069946,1087.21997,1041.54004,1074.18994,0
2022-07-04,1074.18005,1158.5,1045.81006,1150.66003,0
2022-07-05,1151.41003,1174.18005,1079.02002,1133.02002,0
2022-07-06,1132.75,1204.10999,1111.65002,1186.75,0
2022-07-07,1186.67004,1252.73999,1163.56006,1238.19995,0
2022-07-08,1237.72998,1274.069946,1194.10999,1215.54004,0
2022-07-09,1213.84998,1234.040039,1205.25,1217.069946,0
2022-07-10,1217.079956,1219.45996,1154.079956,1167.31006,0
2022-07-11,1168.39001,1170.55005,1092.51001,1096.40002,0
2022-07-12,1096.23999,1097.82996,1035.069946,1038.43005,0
2022-07-13,1038.71997,1117.92004,1011.099976,1114.97998,0
2022-07-14,1114.28003,1211.31006,1072.95996,1193.39001,0
2022-07-15,1193.069946,1285.81006,1182.35999,1231.82996,0
2022-07-16,1230.92004,1409.18005,1192.42004,1356.01001,0
2022-07-17,1355.70996,1384.48999,1320.42004,1338.73999,0
2022-07-18,1338.88,1594.099976,1337.0,1581.83997,0
2022-07-19,1582.96997,1623.92004,1494.040039,1542.30005,0
2022-07-20,1542.56006,1619.88,1489.88,1521.69995,0
2022-07-21,1520.44995,1603.69995,1464.87,1575.37,0
2022-07-22,1574.83997,1644.98999,1519.69995,1535.20996,0
2022-07-23,1535.31006,1595.91003,1491.27002,1549.88,0
2022-07-24,1548.65002,1661.16003,1547.14001,1598.0,0
2022-07-25,1597.96997,1608.98999,1437.59998,1437.59998,0
2022-07-26,1440.33997,1452.34998,1357.57996,1449.099976,0
2022-07-27,1449.81995,1642.37,1421.44995,1635.95996,0
2022-07-28,1636.54004,1782.62,1597.78003,1725.10999,0
2022-07-29,1724.65002,1764.90002,1657.33997,1721.25,0
2022-07-30,1723.59998,1742.069946,1674.14001,1697.02002,0
2022-07-31,1697.29004,1751.16003,1667.5,1679.52002,0
2022-08-01,1678.02002,1704.12,1607.069946,1630.10999,0
2022-08-02,1630.02002,1676.58997,1563.099976,1631.77002,0
2022-08-03,1631.040039,1682.050049,1591.88,1618.56995,0
2022-08-04,1618.0,1662.10999,1581.069946,1607.42004,0
2022-08-05,1607.77002,1741.43994,1605.46997,1736.71997,0
2022-08-06,1737.43005,1749.64001,1687.43005,1690.16003,0
2022-08-07,1690.060059,1729.60999,1669.43994,1700.66003,0
2022-08-08,1700.33997,1814.70996,1694.18994,1778.52002,0
2022-08-09,1776.93994,1789.72998,1670.23999,1702.78003,0
2022-08-10,1702.78003,1884.95996,1659.19995,1854.079956,0
2022-08-11,1853.82996,1935.30005,1850.96997,1880.31006,0
2022-08-12,1880.98999,1964.089966,1854.75,1957.98999,0
2022-08-13,1958.27002,2018.76001,1946.62,1983.43994,0
2022-08-14,1983.64001,2028.12,1907.29004,1935.57996,0
2022-08-15,1935.93994,2011.98999,1874.079956,1900.37,0
2022-08-16,1898.72998,1913.82996,1853.02002,1876.71997,0
2022-08-17,1876.81995,1955.44995,1820.68994,1833.62,0
2022-08-18,1833.76001,1879.93994,1822.21997,1846.040039,0
2022-08-19,1846.10999,1847.52002,1604.34998,1609.030029,0
2022-08-20,1608.5,1654.95996,1525.65002,1575.87,0
2022-08-21,1576.0,1645.93005,1563.55005,1618.079956,0
2022-08-22,1617.89001,1628.02002,1531.52002,1625.73999,0
2022-08-23,1624.84998,1670.81006,1565.050049,1664.13,0
2022-08-24,1665.48999,1691.33997,1606.14001,1656.60999,0
2022-08-25,1656.48999,1721.91003,1654.31995,1695.45996,0
2022-08-26,1695.21997,1703.67004,1491.040039,1508.25,0
2022-08-27,1506.18005,1517.87,1449.14001,1491.31995,0
2022-08-28,1491.099976,1508.46997,1425.10999,1426.53003,0
2022-08-29,1427.050049,1560.0,1423.030029,1552.54004,0
2022-08-30,1552.22998,1604.57996,1476.26001,1524.23999,0
2022-08-31,1524.81995,1617.64001,1524.81995,1554.51001,0
2022-09-01,1554.70996,1597.089966,1515.02002,1585.26001,0
2022-09-02,1586.060059,1648.12,1547.81995,1575.69995,0
2022-09-03,1575.34998,1581.40002,1535.01001,1557.62,0
2022-09-04,1557.22998,1582.66003,1541.0,1579.20996,0
2022-09-05,1579.32996,1630.42004,1557.68005,1616.91003,0
2022-09-06,1617.5,1686.26001,1555.67004,1557.94995,0
2022-09-07,1559.0,1656.41003,1491.67004,1630.27002,0
2022-09-08,1630.55005,1659.62,1595.39001,1635.23999,0
2022-09-09,1635.16003,1742.76001,1630.68005,1718.47998,0
2022-09-10,1718.38,1788.31995,1706.96997,1774.18005,0
2022-09-11,1774.56006,1786.77002,1722.57996,1766.80005,0
2022-09-12,1766.38,1783.01001,1694.53003,1716.55005,0
2022-09-13,1716.43005,1755.069946,1562.22998,1574.94995,0
2022-09-14,1574.27002,1646.26001,1553.83997,1638.31995,0
2022-09-15,1637.80005,1653.38,1460.13,1472.32996,0
2022-09-16,1472.87,1483.31995,1407.52002,1434.23999,0
2022-09-17,1434.050049,1475.42004,1410.68005,1469.089966,0
2022-09-18,1469.43005,1469.43005,1325.92004,1334.21997,0
2022-09-19,1334.87,1391.59998,1282.17004,1375.84998,0
2022-09-20,1375.67004,1384.060059,1313.62,1323.20996,0
2022-09-21,1323.079956,1396.82996,1222.02002,1245.93005,0
2022-09-22,1245.23999,1347.63,1237.34998,1326.069946,0
2022-09-23,1326.55005,1357.18994,1262.51001,1327.01001,0
2022-09-24,1327.96997,1348.91003,1306.64001,1317.01001,0
2022-09-25,1316.93994,1336.12,1270.91003,1294.59998,0
2022-09-26,1294.25,1339.79004,1279.72998,1336.52002,0
2022-09-27,1336.31006,1399.93994,1304.68005,1328.02002,0
2022-09-28,1328.29004,1354.90002,1256.17004,1337.23999,0
2022-09-29,1338.22998,1351.54004,1289.16003,1335.63,0
2022-09-30,1335.59998,1372.73999,1316.72998,1328.47998,0
2022-10-01,1328.48999,1333.66003,1302.84998,1311.87,0
2022-10-02,1311.81006,1317.62,1270.93005,1276.78003,0
2022-10-03,1277.28003,1328.81006,1266.46997,1323.46997,0
2022-10-04,1323.040039,1368.64001,1318.85999,1361.40002,0
2022-10-05,1361.18005,1364.40002,1316.67004,1352.089966,0
2022-10-06,1352.39001,1382.59998,1346.78003,1352.41003,0
2022-10-07,1352.23999,1361.39001,1317.76001,1330.63,0
2022-10-08,1330.83997,1337.21997,1303.71997,1315.050049,0
2022-10-09,1315.43994,1328.80005,1307.66003,1323.23999,0
2022-10-10,1322.97998,1338.050049,1288.71997,1290.18994,0
2022-10-11,1290.18005,1297.88,1268.63,1280.10999,0
2022-10-12,1280.10999,1305.65002,1275.95996,1294.42004,0
2022-10-13,1293.70996,1300.02002,1193.84998,1287.37,0
2022-10-14,1286.59998,1341.72998,1283.98999,1296.57996,0
2022-10-15,1296.40002,1301.47998,1263.95996,1274.91003,0
2022-10-16,1274.91003,1314.96997,1274.56995,1305.89001,0
2022-10-17,1305.97998,1338.48999,1295.81995,1331.33997,0
2022-10-18,1331.33997,1341.079956,1288.30005,1310.88,0
2022-10-19,1310.60999,1313.31006,1281.15002,1285.030029,0
2022-10-20,1284.91003,1310.65002,1271.60999,1282.87,0
2022-10-21,1282.87,1306.62,1255.13,1299.58997,0
2022-10-22,1299.75,1319.80005,1294.65002,1313.65002,0
2022-10-23,1313.65002,1370.32996,1301.28003,1363.94995,0
2022-10-24,1363.91003,1369.82996,1324.23999,1343.56006,0
2022-10-25,1343.57996,1521.37,1335.37,1459.75,0
2022-10-26,1459.93994,1592.80005,1457.80005,1566.25,0
2022-10-27,1566.02002,1577.47998,1504.78003,1513.91003,0
2022-10-28,1514.46997,1572.98999,1486.16003,1554.81995,0
2022-10-29,1554.34998,1662.10999,1547.75,1619.56006,0
2022-10-30,1619.84998,1639.77002,1577.16003,1590.31995,0
2022-10-31,1590.63,1634.35999,1546.22998,1572.81995,0
2022-11-01,1572.65002,1610.78003,1564.21997,1578.5,0
2022-11-02,1578.78003,1618.93994,1502.53003,1518.01001,0
2022-11-03,1518.01001,1558.47998,1515.41003,1531.01001,0
2022-11-04,1530.89001,1674.28003,1528.5,1644.89001,0
2022-11-05,1644.88,1664.33997,1622.87,1627.17004,0
2022-11-06,1626.98999,1638.69995,1566.75,1568.77002,0
2022-11-07,1567.62,1608.18994,1546.65002,1567.66003,0
2022-11-08,1567.94995,1578.30005,1225.21997,1334.43005,0
2022-11-09,1332.81006,1337.079956,1073.52002,1102.0,0
2022-11-10,1101.43005,1348.72998,1088.98999,1299.59998,0
2022-11-11,1299.16003,1308.0,1205.15002,1288.17004,0
2022-11-12,1289.5,1292.02002,1239.26001,1256.90002,0
2022-11-13,1257.40002,1274.19995,1204.5,1221.54004,0
2022-11-14,1221.54004,1289.97998,1172.66003,1242.96997,0
2022-11-15,1243.29004,1287.0,1236.0,1253.88,0
2022-11-16,1253.88,1267.5,1187.81995,1206.38,0
2022-11-17,1217.81995,1227.0,1184.28003,1207.069946,0
2022-11-18,1221.79004,1224.54004,1201.0,1207.27002,0
2022-11-19,1207.94995,1231.31995,1206.65002,1217.48999,0
2022-11-20,1217.48999,1226.29004,1134.14001,1143.46997,0
2022-11-21,1143.46997,1146.0,1080.80005,1107.5,0
2022-11-22,1108.20996,1140.98999,1076.92004,1139.28003,0
2022-11-23,1139.66003,1189.30005,1128.0,1186.16003,0
2022-11-24,1184.48999,1217.089966,1180.90002,1203.72998,0
2022-11-25,1203.27002,1204.87,1172.0,1198.51001,0
2022-11-26,1198.87,1230.94995,1196.54004,1205.30005,0
2022-11-27,1205.58997,1223.19995,1190.68994,1193.65002,0
2022-11-28,1192.64001,1199.069946,1151.87,1167.92004,0
2022-11-29,1167.89001,1225.34998,1159.5,1216.53003,0
2022-11-30,1216.38,1306.040039,1213.19995,1294.31995,0
2022-12-01,1294.25,1296.0,1263.29004,1275.93005,0
2022-12-02,1276.5,1296.66003,1266.030029,1295.39001,0
2022-12-03,1295.39001,1303.38,1236.29004,1240.34998,0
2022-12-04,1240.46997,1284.5,1240.16003,1279.22998,0
2022-12-05,1279.22998,1304.87,1248.43994,1259.48999,0
2022-12-06,1259.33997,1273.48999,1242.29004,1271.26001,0
2022-12-07,1270.96997,1276.18005,1220.050049,1231.0,0
2022-12-08,1231.089966,1291.34998,1222.77002,1280.10999,0
2022-12-09,1280.10999,1294.75,1256.32996,1262.93005,0
2022-12-10,1262.73999,1282.030029,1260.23999,1266.60999,0
2022-12-11,1266.31006,1283.43994,1256.31995,1263.44995,0
2022-12-12,1263.060059,1277.96997,1241.42004,1275.16003,0
2022-12-13,1275.44995,1344.099976,1255.51001,1320.78003,0
2022-12-14,1320.71997,1348.51001,1301.51001,1307.56006,0
2022-12-15,1307.70996,1310.84998,1260.01001,1266.40002,0
2022-12-16,1266.44995,1279.18005,1156.72998,1166.64001,0
2022-12-17,1166.64001,1189.81006,1162.16003,1187.17004,0
2022-12-18,1187.17004,1196.57996,1172.70996,1183.35999,0
2022-12-19,1184.050049,1194.72998,1152.94995,1167.48999,0
2022-12-20,1167.48999,1228.35999,1163.089966,1217.040039,0
2022-12-21,1216.75,1220.71997,1204.42004,1214.10999,0
2022-12-22,1213.81995,1234.030029,1183.64001,1217.46997,0
2022-12-23,1217.55005,1228.68994,1213.44995,1220.040039,0
2022-12-24,1220.040039,1226.25,1215.02002,1220.67004,0
2022-12-25,1220.67004,1224.19995,1200.42004,1218.52002,0
2022-12-26,1218.57996,1229.67004,1213.069946,1227.10999,0
2022-12-27,1227.81995,1232.98999,1201.079956,1211.45996,0
2022-12-28,1211.68005,1214.91003,1184.0,1190.079956,0
2022-12-29,1190.34998,1205.54004,1187.01001,1201.0,0
2022-12-30,1200.54004,1202.22998,1183.55005,1199.83997,0
2022-12-31,1199.85999,1207.64001,1192.97998,1195.68005,0
2023-01-01,1195.97998,1204.40002,1191.060059,1200.18994,0
2023-01-02,1200.19995,1216.40002,1193.48999,1215.57996,0
2023-01-03,1214.10999,1219.5,1206.71997,1214.46997,0
2023-01-04,1214.59998,1268.96997,1212.91003,1256.75,0
2023-01-05,1256.58997,1259.56006,1243.030029,1251.13,0
2023-01-06,1251.53003,1274.95996,1239.12,1268.68994,0
2023-01-07,1268.68994,1270.69995,1261.17004,1263.84998,0
2023-01-08,1263.84998,1292.87,1258.56006,1289.60999,0
2023-01-09,1289.60999,1344.069946,1285.68005,1320.52002,0
2023-01-10,1320.52002,1344.01001,1316.94995,1334.91003,0
2023-01-11,1335.31995,1394.32996,1321.73999,1390.10999,0
2023-01-12,1390.0,1436.25,1372.98999,1416.079956,0
2023-01-13,1416.0,1463.92004,1401.45996,1450.53003,0
2023-01-14,1450.77002,1590.38,1449.18994,1549.17004,0
2023-01-15,1549.81006,1564.35999,1517.5,1552.40002,0
2023-01-16,1552.40002,1598.72998,1522.48999,1576.56995,0
2023-01-17,1576.56995,1604.030029,1545.28003,1564.94995,0
2023-01-18,1565.079956,1605.0,1505.79004,1512.87,0
2023-01-19,1511.60999,1562.59998,1511.25,1551.5,0
2023-01-20,1551.5,1665.40002,1542.54004,1659.5,0
2023-01-21,1659.5,1676.099976,1620.81006,1626.81995,0
2023-01-22,1626.17004,1662.54004,1608.72998,1627.25,0
2023-01-23,1627.25,1645.67004,1591.84998,1626.57996,0
2023-01-24,1626.57996,1640.98999,1539.65002,1556.0,0
2023-01-25,1556.0,1639.0,1520.80005,1611.0,0
2023-01-26,1612.22998,1630.93005,1578.31006,1601.050049,0
2023-01-27,1600.78003,1620.87,1556.069946,1597.32996,0
2023-01-28,1597.32996,1606.12,1558.0,1572.31995,0
2023-01-29,1572.31006,1657.93005,1566.43994,1645.98999,0
2023-01-30,1645.13,1647.47998,1539.35999,1566.27002,0
2023-01-31,1566.12,1604.52002,1561.75,1585.45996,0
2023-02-01,1585.45996,1647.44995,1559.63,1641.030029,0
2023-02-02,1641.43005,1711.22998,1633.0,1643.70996,0
2023-02-03,1643.21997,1674.98999,1628.44995,1663.56006,0
2023-02-04,1663.56006,1695.27002,1646.13,1666.48999,0
2023-02-05,1666.48999,1672.89001,1611.31995,1629.31006,0
2023-02-06,1629.27002,1657.91003,1606.5,1613.92004,0
2023-02-07,1613.97998,1677.68005,1612.95996,1670.68005,0
2023-02-08,1670.42004,1695.5,1631.27002,1650.28003,0
2023-02-09,1650.28003,1655.76001,1526.099976,1545.37,0
2023-02-10,1545.37,1554.28003,1494.67004,1513.88,0
2023-02-11,1513.57996,1542.97998,1507.72998,1538.54004,0
2023-02-12,1538.56995,1547.38,1494.71997,1515.25,0
2023-02-13,1515.25,1525.79004,1463.17004,1505.0,0
2023-02-14,1505.62,1566.0,1492.0,1555.66003,0
2023-02-15,1555.47998,1679.97998,1542.69995,1674.96997,0
2023-02-16,1674.91003,1741.14001,1633.93005,1638.42004,0
2023-02-17,1638.17004,1721.17004,1632.28003,1693.54004,0
2023-02-18,1693.59998,1710.92004,1680.70996,1691.66003,0
2023-02-19,1691.66003,1724.29004,1667.82996,1681.38,0
2023-02-20,1680.5,1719.18994,1651.58997,1703.66003,0
2023-02-21,1703.40002,1716.30005,1637.30005,1659.37,0
2023-02-22,1659.67004,1666.53003,1599.18994,1642.97998,0
2023-02-23,1642.97998,1678.68994,1629.57996,1650.55005,0
2023-02-24,1650.57996,1664.10999,1576.76001,1607.82996,0
2023-02-25,1607.76001,1608.76001,1561.54004,1594.67004,0
2023-02-26,1594.67004,1649.96997,1588.18994,1641.39001,0
2023-02-27,1641.37,1664.55005,1609.48999,1633.70996,0
2023-02-28,1633.40002,1646.84998,1597.39001,1604.73999,0
2023-03-01,1605.46997,1668.93005,1596.66003,1665.0,0
2023-03-02,1665.01001,1677.52002,1620.10999,1647.97998,0
2023-03-03,1647.65002,1649.089966,1544.70996,1569.079956,0
2023-03-04,1569.17004,1577.050049,1549.22998,1566.68994,0
2023-03-05,1566.68994,1587.40002,1555.01001,1564.33997,0
2023-03-06,1564.79004,1581.43005,1555.30005,1565.84998,0
2023-03-07,1565.84998,1583.01001,1537.20996,1561.5,0
2023-03-08,1561.79004,1570.22998,1527.30005,1532.63,0
2023-03-09,1532.38,1545.90002,1411.31995,1437.47998,0
2023-03-10,1437.41003,1438.19995,1373.040039,1426.73999,0
2023-03-11,1426.46997,1476.98999,1409.79004,1472.089966,0
2023-03-12,1472.089966,1590.47998,1448.82996,1580.14001,0
2023-03-13,1580.71997,1692.0,1565.92004,1673.26001,0
2023-03-14,1673.60999,1775.0,1655.85999,1699.98999,0
2023-03-15,1698.85999,1716.16003,1613.079956,1649.73999,0
2023-03-16,1650.01001,1689.62,1633.02002,1673.54004,0
2023-03-17,1673.51001,1797.60999,1662.56006,1789.22998,0
2023-03-18,1789.0,1836.42004,1748.10999,1758.58997,0
2023-03-19,1758.65002,1839.51001,1758.52002,1780.20996,0
2023-03-20,1781.30005,1802.38,1724.0,1732.63,0
2023-03-21,1732.80005,1834.27002,1718.53003,1801.89001,0
2023-03-22,1801.89001,1819.48999,1712.31006,1733.60999,0
2023-03-23,1734.23999,1855.079956,1729.71997,1813.56006,0
2023-03-24,1813.76001,1818.64001,1727.65002,1749.81995,0
2023-03-25,1749.81995,1762.43994,1714.43994,1741.89001,0
2023-03-26,1741.88,1796.56006,1739.28003,1774.31995,0
2023-03-27,1773.78003,1780.030029,1688.14001,1715.68005,0
2023-03-28,1715.51001,1794.57996,1701.58997,1772.35999,0
2023-03-29,1772.64001,1825.72998,1772.44995,1793.050049,0
2023-03-30,1793.050049,1828.71997,1764.12,1793.41003,0
2023-03-31,1793.45996,1845.35999,1781.0,1822.0,0
2023-04-01,1821.66003,1841.46997,1809.02002,1820.69995,0
2023-04-02,1820.68994,1824.77002,1774.60999,1794.17004,0
2023-04-03,1794.17004,1839.32996,1763.85999,1810.39001,0
2023-04-04,1810.37,1887.97998,1802.31006,1870.18994,0
2023-04-05,1870.18994,1937.050049,1864.59998,1908.73999,0
2023-04-06,1908.47998,1909.71997,1855.38,1872.41003,0
2023-04-07,1872.40002,1882.14001,1843.25,1863.71997,0
2023-04-08,1863.38,1879.20996,1847.45996,1848.45996,0
2023-04-09,1848.45996,1873.0,1825.93005,1858.66003,0
2023-04-10,1858.75,1917.26001,1846.90002,1910.21997,0
2023-04-11,1910.21997,1936.0,1882.73999,1889.92004,0
2023-04-12,1890.39001,1931.75,1855.060059,1917.14001,0
2023-04-13,1917.58997,2020.69995,1899.56006,2011.67004,0
2023-04-14,2011.84998,2127.70996,2009.069946,2099.99,0
2023-04-15,2099.73,2111.25,2073.040039,2090.5,0
2023-04-16,2090.49,2137.18,2073.040039,2118.66992,0
2023-04-17,2118.44995,2120.16992,2059.080078,2074.96,0
2023-04-18,2074.51,2124.26,2052.03,2103.68,0
2023-04-19,2103.62,2104.52,1923.71,1934.79,0
2023-04-20,1934.2,1983.8,1915.0,1942.76,0
2023-04-21,1942.54,1956.78,1825.0,1848.84,0
2023-04-22,1848.64,1886.78003,1842.17,1874.30005,0
2023-04-23,1874.33,1883.25,1836.0,1861.97998,0
2023-04-24,1861.70996,1887.98999,1806.36,1841.82,0
2023-04-25,1842.16,1877.48999,1802.09,1866.0,0
2023-04-26,1866.26001,1964.12,1786.77,1866.78,0
2023-04-27,1865.93,1938.99,1861.17,1908.95,0
2023-04-28,1908.56,1924.05,1875.0,1890.56,0
2023-04-29,1890.99,1917.95,1883.82,1907.8,0
2023-04-30,1907.64,1939.44,1866.46,1869.68,0
2023-05-01,1870.37,1886.37,1806.66,1830.67,0
2023-05-02,1830.25,1881.18,1823.0,1869.66,0
2023-05-03,1870.01,1916.23,1842.78,1904.99,0
2023-05-04,1904.99,1917.8,1866.8,1876.8,0
2023-05-05,1876.84,1999.99,1875.45,1993.04,0
2023-05-06,1993.04,2018.84,1857.97,1896.31,0
2023-05-07,1896.31,1933.05,1867.24,1870.81,0
2023-05-08,1870.26,1884.0,1810.34,1847.43,0
2023-05-09,1847.48,1862.34,1831.0,1846.72,0
2023-05-10,1847.06,1887.0,1790.03,1840.99,0
2023-05-11,1841.0,1841.98,1772.19,1794.23,0
2023-05-12,1794.35,1817.64,1738.93,1807.54,0
2023-05-13,1807.39,1816.72,1785.71,1794.76,0
2023-05-14,1794.76,1824.0,1790.0,1799.6,0
2023-05-15,1799.14,1847.05,1785.0,1816.38,0
2023-05-16,1816.2,1832.88,1796.42,1824.07,0
2023-05-17,1824.38,1837.5,1784.01,1821.59,0
2023-05-18,1822.0,1831.99,1770.58,1800.26,0
2023-05-19,1800.69,1829.27,1797.01,1812.0,0
2023-05-20,1812.0,1829.0,1807.0,1819.46,0
2023-05-21,1819.48,1829.0,1797.4,1804.74,0
2023-05-22,1804.71,1827.78,1792.0,1817.2,0
2023-05-23,1817.2,1875.37,1815.06,1854.14,0
2023-05-24,1854.02,1854.15,1778.0,1800.01,0
2023-05-25,1800.0,1818.67,1763.01,1805.55,0
2023-05-26,1805.57,1838.27,1797.0,1827.72,0
2023-05-27,1828.0,1836.39,1813.0,1829.95,0
2023-05-28,1829.96,1920.99,1823.37,1908.6,0
2023-05-29,1908.79,1928.87,1873.23,1892.47,0
2023-05-30,1892.21,1916.75,1880.96,1900.54,0
2023-05-31,1900.54,1907.0,1848.0,1873.41,0
2023-06-01,1873.42,1888.88,1840.0,1861.45,0
2023-06-02,1861.44,1910.32,1848.0,1906.71,0
2023-06-03,1906.51,1907.5,1881.56,1892.01,0
2023-06-04,1892.0,1914.23,1884.07,1890.08,0
2023-06-05,1889.57,1890.58,1778.0,1810.43,0
2023-06-06,1810.24,1898.63,1797.51,1884.0,0
2023-06-07,1883.99,1897.26,1820.95,1832.22,0
2023-06-08,1831.26,1861.47,1828.01,1845.71,0
2023-06-09,1845.71,1855.14,1827.09,1840.54,0
2023-06-10,1840.42,1844.99,1712.65,1751.6,0
2023-06-11,1751.54,1778.22,1738.66,1753.05,0
2023-06-12,1753.05,1758.93,1720.0,1742.63,0
2023-06-13,1742.51,1766.92,1728.04,1739.98,0
2023-06-14,1740.0,1750.23,1626.25,1650.77,0
2023-06-15,1650.76,1679.98,1627.0,1666.59,0
2023-06-16,1666.86,1729.0,1657.12,1717.75,0
2023-06-17,1718.07,1772.29,1714.53,1727.91,0
2023-06-18,1728.04,1747.64,1712.99,1720.91,0
2023-06-19,1720.92,1751.6,1700.02,1736.86,0
2023-06-20,1737.0,1797.7,1714.87,1791.6,0
2023-06-21,1791.93,1901.9,1787.42,1889.05,0
2023-06-22,1889.05,1933.11,1865.0,1872.01,0
2023-06-23,1872.25,1936.04,1862.0,1892.63,0
2023-06-24,1892.76,1906.11,1863.66,1874.95,0
2023-06-25,1875.36,1930.06,1868.8,1898.6,0
2023-06-26,1898.98,1909.18,1836.67,1859.04,0
2023-06-27,1859.06,1912.71,1854.74,1889.54,0
2023-06-28,1889.54,1890.21,1815.84,1827.85,0
2023-06-29,1828.03,1879.86,1827.9,1851.84,0
2023-06-30,1851.97,1947.72,1826.4,1933.42,0
2023-07-01,1933.65,1945.0,1909.62,1924.39,0
2023-07-02,1924.45,1959.99,1882.88,1937.82,0
2023-07-03,1937.83,1977.16,1933.75,1955.22,0
2023-07-04,1955.76,1968.33,1931.26,1935.99,0
2023-07-05,1936.0,1942.7,1894.16,1910.35,0
2023-07-06,1910.31,1958.15,1846.42,1846.42,0
2023-07-07,1846.28,1877.99,1827.0,1870.78,0
2023-07-08,1870.78,1873.56,1841.92,1865.31,0
2023-07-09,1865.31,1879.57,1856.4,1862.87,0
2023-07-10,1862.64,1905.29,1846.52,1880.31,0
2023-07-11,1880.32,1891.75,1862.23,1878.3,0
2023-07-12,1878.25,1902.1,1864.48,1871.96,0
2023-07-13,1871.77,2013.0,1863.31,2004.47,0
2023-07-14,2004.83,2029.66,1896.29,1937.54,0
2023-07-15,1937.73,1946.65,1926.47,1931.18,0
2023-07-16,1931.19,1943.47,1915.0,1922.39,0
2023-07-17,1921.95,1935.97,1872.86,1911.03,0
2023-07-18,1911.06,1917.39,1876.0,1897.31,0
2023-07-19,1897.34,1922.54,1882.07,1888.65,0
2023-07-20,1888.61,1929.0,1878.0,1891.63,0
2023-07-21,1891.64,1906.0,1884.59,1891.37,0
2023-07-22,1891.37,1897.09,1846.84,1866.18,0
2023-07-23,1866.32,1905.0,1857.93,1888.8,0
2023-07-24,1888.81,1890.94,1833.52,1849.59,0
2023-07-25,1849.77,1868.82,1845.31,1857.63,0
2023-07-26,1857.52,1887.96,1848.55,1871.92,0
2023-07-27,1871.92,1886.0,1855.13,1861.43,0
2023-07-28,1861.43,1883.28,1856.45,1874.27,0
2023-07-29,1874.27,1886.5,1869.57,1880.71,0
2023-07-30,1880.36,1885.82,1849.79,1861.72,0
2023-07-31,1861.73,1877.6,1851.14,1856.28,0
2023-08-01,1856.28,1876.46,1813.69,1874.11,0
2023-08-02,1873.61,1879.5,1821.43,1839.88,0
2023-08-03,1839.88,1859.0,1826.04,1835.6,0
2023-08-04,1835.62,1851.04,1816.72,1830.36,0
2023-08-05,1830.37,1838.5,1827.78,1836.34,0
2023-08-06,1836.24,1837.97,1826.0,1830.17,0
2023-08-07,1830.18,1846.98,1802.6,1829.06,0
2023-08-08,1829.0,1874.6,1826.14,1856.06,0
2023-08-09,1856.06,1871.64,1846.38,1855.31,0
2023-08-10,1855.32,1865.86,1846.0,1852.04,0
2023-08-11,1852.04,1857.1,1838.71,1849.24,0
2023-08-12,1849.1,1854.39,1846.54,1849.95,0
2023-08-13,1849.76,1862.0,1835.0,1840.82,0
2023-08-14,1840.82,1856.2,1835.04,1845.66,0
2023-08-15,1845.67,1847.19,1814.36,1828.92,0
2023-08-16,1829.11,1831.69,1797.0,1807.63,0
2023-08-17,1807.64,1810.18,1500.0,1681.14,0
2023-08-18,1681.14,1698.96,1642.15,1661.36,0
2023-08-19,1661.66,1696.5,1654.37,1669.5,0
2023-08-20,1669.5,1694.6,1660.86,1685.11,0
2023-08-21,1685.11,1688.03,1649.4,1667.51,0
2023-08-22,1667.52,1669.11,1579.95,1634.87,0
2023-08-23,1634.87,1701.0,1629.5,1679.97,0
2023-08-24,1679.56,1683.09,1636.0,1661.14,0
2023-08-25,1661.14,1676.19,1635.59,1653.95,0
2023-08-26,1653.93,1655.4,1644.06,1646.98,0
2023-08-27,1646.98,1659.99,1645.71,1658.2,0
2023-08-28,1658.21,1663.43,1623.0,1652.86,0
2023-08-29,1652.75,1745.53,1640.02,1729.86,0
2023-08-30,1729.49,1730.68,1694.32,1705.17,0
2023-08-31,1705.25,1728.02,1630.0,1645.8,0
2023-09-01,1645.88,1654.24,1603.0,1628.88,0
2023-09-02,1629.01,1645.0,1628.21,1637.27,0
2023-09-03,1637.28,1647.04,1625.17,1635.71,0
2023-09-04,1635.79,1644.76,1616.91,1630.87,0
2023-09-05,1630.71,1648.42,1609.76,1634.38,0
2023-09-06,1634.38,1670.0,1607.59,1633.06,0
2023-09-07,1633.08,1659.6,1623.85,1647.77002,0
2023-09-08,1647.77002,1658.69,1616.17,1636.31,0
2023-09-09,1636.32,1637.39,1630.08,1635.45,0
2023-09-10,1635.45,1635.8,1598.31,1617.28,0
2023-09-11,1617.38,1619.0,1531.0,1551.9,0
2023-09-12,1551.84,1625.47,1549.73,1592.92,0
2023-09-13,1593.12,1618.4,1581.87,1607.52,0
2023-09-14,1607.58,1644.04,1606.68,1626.31,0
2023-09-15,1626.52,1654.07,1611.51,1641.14,0
2023-09-16,1641.18,1652.36,1631.42,1634.3,0
2023-09-17,1634.3,1634.89,1611.78,1622.3,0
2023-09-18,1622.49,1668.68,1604.69,1636.77,0
2023-09-19,1636.74,1661.34,1626.37,1643.05,0
2023-09-20,1643.09,1649.42,1604.39,1622.18,0
2023-09-21,1622.18,1625.42,1567.51,1583.81,0
2023-09-22,1583.79,1602.56,1576.79,1592.98,0
2023-09-23,1592.98,1597.99,1588.0,1593.84,0
2023-09-24,1593.85,1601.02,1569.76,1580.44,0
2023-09-25,1580.44,1597.72,1562.77,1588.42,0
2023-09-26,1588.43,1600.0,1580.3,1594.11,0
2023-09-27,1593.75,1633.99,1583.16,1598.32,0
2023-09-28,1598.71,1668.87,1598.07,1652.75,0
2023-09-29,1652.75,1688.05,1648.27,1667.42,0
2023-09-30,1667.42,1694.5,1666.24,1671.0,0
2023-10-01,1671.01,1755.44,1668.36,1733.59,0
2023-10-02,1733.88,1743.59,1636.11,1662.42,0
2023-10-03,1662.45,1670.59,1643.42,1656.92,0
2023-10-04,1656.91,1657.7,1624.78,1646.81,0
2023-10-05,1646.58,1655.0,1605.91,1611.43,0
2023-10-06,1612.2,1662.99,1611.24,1645.24,0
2023-10-07,1645.25,1647.72,1630.07,1633.72,0
2023-10-08,1633.7,1641.24,1616.5,1632.75,0
2023-10-09,1632.68,1635.57,1545.82,1580.06,0
2023-10-10,1579.69,1594.91,1551.0,1567.13,0
2023-10-11,1567.5,1578.51,1545.01,1566.78,0
2023-10-12,1566.73,1568.76,1520.0,1539.68,0
2023-10-13,1539.47,1575.0,1537.63,1552.12,0
2023-10-14,1552.12,1561.87,1544.76,1554.91,0
2023-10-15,1554.9,1566.62,1548.68,1557.84,0
2023-10-16,1557.85,1641.71,1555.01,1599.33,0
2023-10-17,1599.33,1600.66,1551.84,1564.69,0
2023-10-18,1564.79,1585.49,1555.58,1563.24,0
2023-10-19,1563.24,1574.53,1541.92,1566.73,0
2023-10-20,1566.55,1629.99,1561.16,1603.7,0
2023-10-21,1603.71,1643.71,1592.33,1628.98,0
2023-10-22,1629.01,1667.87,1621.06,1663.53,0
2023-10-23,1663.25,1799.94,1656.9,1765.88,0
2023-10-24,1765.88,1854.28,1756.32,1785.09,0
2023-10-25,1784.96,1818.34,1760.0,1786.94,0
2023-10-26,1786.92,1865.78,1640.0,1803.12,0
2023-10-27,1803.17,1803.62,1744.35,1779.75,0
2023-10-28,1779.46,1803.18,1770.42,1776.04,0
2023-10-29,1776.19,1811.98,1762.74,1794.93,0
2023-10-30,1795.02,1830.72,1778.28,1808.98,0
2023-10-31,1808.99,1819.85,1781.52,1815.01,0
2023-11-01,1814.84,1857.88,1783.0,1846.64,0
2023-11-02,1846.73,1874.41,1784.26,1800.58,0
2023-11-03,1800.64,1834.47,1776.8,1832.53,0
2023-11-04,1832.56,1870.0,1823.75,1855.72,0
2023-11-05,1855.72,1913.79,1846.18,1892.05,0
2023-11-06,1892.05,1914.23,1869.23,1900.57,0
2023-11-07,1900.6,1907.09,1850.0,1885.33,0
2023-11-08,1885.33,1904.87,1872.64,1888.26,0
2023-11-09,1888.44,2131.6,1882.2,2120.77,0
2023-11-10,2120.96,2136.62,2065.01,2077.64,0
2023-11-11,2078.07,2089.53,2030.49,2052.9,0
2023-11-12,2053.33,2065.77,2001.0,2044.73,0
2023-11-13,2044.73,2117.95,2028.57,2054.0,0
2023-11-14,2054.0,2064.72,1935.5,1979.48,0
2023-11-15,1979.28,2062.98,1967.14,2058.32,0
2023-11-16,2058.71,2091.89,1940.59,1961.67,0
2023-11-17,1961.65,1991.25,1905.69,1960.86,0
2023-11-18,1960.85,1971.0,1915.0,1962.5,0
2023-11-19,1962.62,2015.5,1943.31,2011.15,0
2023-11-20,2012.0,2066.98,1990.6,2021.55,0
2023-11-21,2021.22,2034.67,1930.53,1932.91,0
2023-11-22,1932.9,2089.13,1928.92,2059.7,0
2023-11-23,2059.7,2085.0,2035.71,2057.43,0
2023-11-24,2057.92,2118.99,2055.51,2077.07,0
2023-11-25,2077.08,2084.12,2023.0,2080.91,0
2023-11-26,2080.77,2088.88,2036.73,2062.07,0
2023-11-27,2062.53,2071.05,1986.45,2027.23,0
2023-11-28,2027.23,2071.49,1996.04,2047.0,0
2023-11-29,2047.1,2074.24,2018.0,2029.42,0
2023-11-30,2028.76,2054.21,2021.24,2051.65,0
2023-12-01,2051.94,2109.0,2044.97,2086.95,0
2023-12-02,2086.95,2186.66,2083.0,2165.02,0
2023-12-03,2164.81,2216.76,2134.29,2193.16,0
2023-12-04,2193.17,2273.67,2191.45,2243.17,0
2023-12-05,2243.03,2304.15,2188.33,2293.58,0
2023-12-06,2293.5,2311.98,2220.0,2233.32,0
2023-12-07,2233.4,2380.9,2222.67,2355.17993,0
2023-12-08,2355.55005,2391.78,2336.0,2359.24,0
2023-12-09,2359.26,2404.0,2327.74,2340.87,0
2023-12-10,2341.19,2377.57,2322.03,2352.86,0
2023-12-11,2352.85,2355.58,2127.29,2225.07,0
2023-12-12,2224.97,2244.28,2167.16,2203.76,0
2023-12-13,2203.64,2283.37,2147.01,2260.17,0
2023-12-14,2260.5,2331.74,2232.0,2315.87,0
2023-12-15,2315.57,2317.99,2201.19,2220.54,0
2023-12-16,2221.0,2263.32,2210.0,2229.33,0
2023-12-17,2228.93,2248.29,2192.3,2197.18,0
2023-12-18,2197.05,2224.8,2111.8,2219.0,0
2023-12-19,2219.26,2254.65,2136.37,2177.95,0
2023-12-20,2177.68,2266.48,2159.0,2202.33,0
2023-12-21,2202.33,2278.56,2183.39,2239.15,0
2023-12-22,2239.44,2342.0,2229.71,2324.65,0
2023-12-23,2324.78,2330.67,2265.06,2308.25,0
2023-12-24,2308.14,2325.96,2243.52,2264.04,0
2023-12-25,2264.02,2305.0,2253.18,2271.4,0
2023-12-26,2271.11,2274.98,2179.59,2230.48,0
2023-12-27,2230.85,2391.99,2211.8,2378.0,0
2023-12-28,2377.98,2444.71,2278.66,2343.81,0
2023-12-29,2343.99,2384.93,2256.39,2299.32,0
2023-12-30,2299.02,2322.86,2268.01,2291.63,0
2023-12-31,2291.73,2321.63,2260.0,2282.06,0
2024-01-01,2282.04,2353.1,2265.37,2352.43,0
2024-01-02,2352.44,2430.34,2342.77,2355.36,0
2024-01-03,2355.36,2385.0,2071.05,2209.87,0
2024-01-04,2209.66,2294.22,2201.52,2266.92,0
2024-01-05,2267.45,2276.44,2206.51,2268.11,0
2024-01-06,2268.28,2269.88,2216.0,2240.81,0
2024-01-07,2240.83,2257.53,2205.0,2221.59,0
2024-01-08,2221.58,2357.87,2166.68,2330.32,0
2024-01-09,2330.56,2370.98,2227.14,2343.81,0
2024-01-10,2343.66,2659.7,2339.05,2585.95,0
2024-01-11,2585.93,2688.49,2565.72,2618.17,0
2024-01-12,2618.01,2717.03,2458.0,2522.14,0
2024-01-13,2522.66,2589.98,2497.66,2578.52,0
2024-01-14,2578.76,2578.84,2460.34,2473.59,0
2024-01-15,2473.35,2553.3,2301.95,2511.96,0
2024-01-16,2511.91,2612.87,2500.63,2587.2,0
2024-01-17,2587.12,2592.69,2507.14,2530.91,0
2024-01-18,2530.69,2548.98,2421.94,2470.87,0
2024-01-19,2470.78,2504.45,2415.86,2491.91,0
2024-01-20,2491.87,2491.87,2454.57,2472.06,0
2024-01-21,2472.11,2481.97,2451.35,2456.58,0
2024-01-22,2456.75,2466.16,2303.0,2313.72,0
2024-01-23,2313.65,2350.94,2168.84,2242.16,0
2024-01-24,2242.66,2264.85,2196.28,2235.03,0
2024-01-25,2235.06,2242.16,2171.67,2218.32,0
2024-01-26,2218.3,2281.79,2195.76,2268.06,0
2024-01-27,2267.77,2283.7,2251.61,2267.45,0
2024-01-28,2267.46,2307.14,2240.11,2257.28,0
2024-01-29,2257.29,2321.87,2234.36,2317.47,0
2024-01-30,2317.34,2392.12,2297.2,2343.04,0
2024-01-31,2342.27,2351.74,2265.27002,2283.12012,0
2024-02-01,2283.11011,2310.96997,2243.20996,2304.23999,0
2024-02-02,2304.23999,2324.43994,2282.21997,2308.69995,0
2024-02-03,2308.69995,2329.81006,2293.44995,2296.66992,0
2024-02-04,2296.66992,2309.98999,2270.68994,2290.0,0
2024-02-05,2290.01001,2337.66992,2270.0,2301.63989,0
2024-02-06,2301.98999,2391.65,2298.92993,2372.29,0
2024-02-07,2372.6,2444.39,2353.68,2424.96,0
2024-02-08,2425.09,2462.43,2411.91,2419.7,0
2024-02-09,2419.7,2524.66,2419.15,2486.14,0
2024-02-10,2486.7,2515.78,2472.15,2500.03,0
2024-02-11,2500.04,2539.13,2493.62,2507.13,0
2024-02-12,2507.13,2665.0,2472.22,2658.88,0
2024-02-13,2659.32,2685.76,2591.4,2640.15,0
2024-02-14,2640.41,2785.66,2618.68,2775.13,0
2024-02-15,2774.95,2865.97,2761.36,2822.5,0
2024-02-16,2822.83,2857.39,2744.2,2801.82,0
2024-02-17,2801.83,2804.53,2718.81,2785.28,0
2024-02-18,2786.56,2894.98,2668.6,2880.98,0
2024-02-19,2881.02,2984.33,2819.52,2944.48,0
2024-02-20,2944.2,3033.0,2875.62,3014.56,0
2024-02-21,3014.54,3018.03,2869.01,2967.14,0
2024-02-22,2967.14,3033.47,2907.01,2971.43,0
2024-02-23,2971.64,2992.26,2906.66,2922.42,0
2024-02-24,2922.37,3005.37,2906.59,2991.72,0
2024-02-25,2991.72,3120.99,2983.22,3112.64,0
2024-02-26,3112.68,3194.99,3037.38,3176.01,0
2024-02-27,3176.01,3287.96,3165.0,3242.11,0
2024-02-28,3242.42,3485.88,3198.51,3383.19,0
2024-02-29,3383.15,3523.02,3299.07,3340.02,0
2024-03-01,3339.92,3449.85,3337.31,3432.84,0
2024-03-02,3432.87,3459.5,3394.8,3420.45,0
2024-03-03,3420.78,3491.72,3362.59,3488.19,0
2024-03-04,3488.05,3641.48,3431.57,3626.13,0
2024-03-05,3626.55,3819.64,3206.0,3553.19,0
2024-03-06,3553.18,3900.0,3500.0,3818.5,0
2024-03-07,3819.01,3932.26,3735.71,3868.01,0
2024-03-08,3868.02,3994.48,3822.47,3883.59,0
2024-03-09,3883.85,3940.5,3872.01,3905.53,0
2024-03-10,3905.57,3963.0,3793.12,3878.64,0
2024-03-11,3877.57,4088.0,3730.0,4065.65,0
2024-03-12,4065.9,4088.0,3830.77,3979.43,0
2024-03-13,3981.79,4081.61,3933.05,4004.55,0
2024-03-14,4004.96,4010.82,3724.02,3881.62,0
2024-03-15,3882.89,3933.79,3569.73,3740.5,0
2024-03-16,3742.14,3780.72,3468.45,3523.22,0
2024-03-17,3522.33,3678.84,3412.95,3644.7,0
2024-03-18,3644.82,3644.82,3454.78,3520.28,0
2024-03-19,3520.28,3547.13,3150.85,3165.29,0
2024-03-20,3158.68,3534.99,3058.66,3515.12,0
2024-03-21,3516.11,3585.81,3411.9,3492.38,0
2024-03-22,3492.46,3541.97,3249.4,3335.0,0
2024-03-23,3335.48,3434.45,3270.48,3330.86,0
2024-03-24,3329.78,3471.17,3300.0,3454.31,0
2024-03-25,3455.74,3659.0,3420.49,3590.51,0
2024-03-26,3590.33,3679.54,3543.31,3587.21,0
2024-03-27,3587.21,3665.0,3461.29,3501.73,0
2024-03-28,3502.1,3610.0,3465.39,3560.39,0
2024-03-29,3560.96,3584.06,3472.84,3510.36,0
2024-03-30,3510.36,3565.01,3486.01,3505.41,0
2024-03-31,3506.04,3654.23,3505.19,3645.32,0
2024-04-01,3644.94,3645.73,3415.0,3503.7,0
2024-04-02,3503.69,3505.41,3213.0,3278.23,0
2024-04-03,3278.45,3365.0,3201.01,3310.16,0
2024-04-04,3310.3,3442.23,3251.8,3328.39,0
2024-04-05,3328.39,3347.23,3210.53,3317.22,0
2024-04-06,3316.96,3397.84,3307.35,3351.42,0
2024-04-07,3351.42,3459.12,3344.28,3454.07,0
2024-04-08,3454.07,3726.92,3407.04,3694.1,0
2024-04-09,3693.47,3724.95,3453.72,3506.26,0
2024-04-10,3505.69,3562.63,3413.01,3544.89,0
2024-04-11,3545.04,3617.58,3474.73,3502.5,0
2024-04-12,3502.5,3552.01,3104.3,3238.08,0
2024-04-13,3238.07,3301.91,2852.59,3006.74,0
2024-04-14,3006.74,3173.93,2907.0,3155.16,0
2024-04-15,3154.69,3277.21,3024.66,3102.12,0
2024-04-16,3102.39,3126.99,2987.52,3083.53,0
2024-04-17,3083.54,3122.99,2914.5,2985.45,0
2024-04-18,2984.98,3093.4,2954.16,3064.63,0
2024-04-19,3064.56,3125.83008,2866.01,3056.67,0
2024-04-20,3057.1,3169.9,3019.3,3155.76,0
2024-04-21,3155.66,3197.04,3116.4,3147.75,0
2024-04-22,3147.55,3235.47,3129.25,3200.45,0
2024-04-23,3200.43,3263.63,3152.15,3219.31,0
2024-04-24,3219.29,3293.38,3105.01,3141.11,0
2024-04-25,3140.64,3190.69,3077.27,3155.77,0
2024-04-26,3155.71,3168.13,3102.0,3131.21,0
2024-04-27,3132.58,3283.68,3068.26,3255.14,0
2024-04-28,3255.15,3360.3,3250.19,3263.55,0
2024-04-29,3261.65,3286.96,3115.9,3217.54,0
2024-04-30,3217.72,3251.05,2921.0,3014.41,0
2024-05-01,3013.51,3023.1,2816.99,2971.63,0
2024-05-02,2971.79,3015.92,2892.86,2985.96,0
2024-05-03,2985.66,3126.32,2957.77,3102.22,0
2024-05-04,3102.49,3167.92,3092.25,3117.14,0
2024-05-05,3117.15,3170.91,3072.75,3136.5,0
2024-05-06,3136.65,3220.82,3046.05,3062.4,0
2024-05-07,3063.41,3129.59,3000.3,3005.84,0
2024-05-08,3005.83,3038.0,2937.61,2974.08,0
2024-05-09,2974.07,3059.4,2950.45,3036.41,0
2024-05-10,3035.84,3053.51,2878.86,2910.1,0
2024-05-11,2910.15,2945.1,2886.93,2912.54,0
2024-05-12,2912.15,2955.31,2901.79,2928.95,0
2024-05-13,2929.23,2995.7,2865.15,2949.85,0
2024-05-14,2950.59,2960.43,2862.06,2882.16,0
2024-05-15,2882.26,3040.6001,2863.6,3034.39,0
2024-05-16,3033.78,3040.8,2923.69,2945.0,0
2024-05-17,2944.76,3119.56,2933.23,3092.62,0
2024-05-18,3091.91,3146.39,3083.59,3122.22,0
2024-05-19,3122.88,3136.22,3054.01,3072.22,0
2024-05-20,3071.26,3692.5,3047.96,3660.3,0
2024-05-21,3660.22,3841.43,3618.92,3791.32,0
2024-05-22,3789.29,3812.48,3651.27,3738.8,0
2024-05-23,3738.38,3949.17,3546.33,3784.02,0
2024-05-24,3783.58,3829.68,3627.41,3728.02,0
2024-05-25,3727.52,3779.71,3709.05,3749.35,0
2024-05-26,3749.4,3884.03,3731.54,3826.39,0
2024-05-27,3825.77,3976.77,3823.4,3894.31,0
2024-05-28,3894.45,3930.99,3774.51,3844.84,0
2024-05-29,3845.22,3887.41,3744.83,3767.51,0
2024-05-30,3767.61,3825.44,3703.74,3746.8,0
2024-05-31,3747.6,3848.7,3724.3,3762.25,0
2024-06-01,3763.31006,3832.48999,3752.38989,3816.090088,0
2024-06-02,3815.87988,3837.65991,3753.37988,3781.3999,0
2024-06-03,3781.070068,3847.98999,3759.83008,3767.83008,0
2024-06-04,3767.77002,3831.77002,3741.88989,3810.34009,0
2024-06-05,3810.20996,3886.56006,3778.080078,3865.19995,0
2024-06-06,3865.38989,3874.98999,3763.51001,3812.91992,0
2024-06-07,3813.45996,3840.56006,3600.040039,3678.43994,0
2024-06-08,3678.37988,3709.65991,3666.98999,3681.90991,0
2024-06-09,3681.34009,3720.42993,3666.55005,3706.51001,0
2024-06-10,3706.52002,3713.33008,3644.97998,3667.81006,0
2024-06-11,3667.72998,3672.54004,3435.46997,3497.26001,0
2024-06-12,3497.01001,3655.26001,3462.34009,3560.15991,0
2024-06-13,3560.0,3560.87988,3431.53003,3469.070068,0
2024-06-14,3469.40991,3531.16992,3364.80005,3481.34009,0
2024-06-15,3481.79004,3592.40991,3473.44995,3568.080078,0
2024-06-16,3569.030029,3652.61011,3541.37012,3624.51001,0
2024-06-17,3624.47998,3637.53003,3466.47998,3511.59009,0
2024-06-18,3511.59009,3516.78003,3363.15991,3483.40991,0
2024-06-19,3483.70996,3587.55005,3466.44995,3560.13989,0
2024-06-20,3560.22998,3624.5,3485.29004,3512.8501,0
2024-06-21,3513.1499,3547.8999,3446.72998,3518.54004,0
2024-06-22,3518.54004,3521.12988,3476.33008,3495.87012,0
2024-06-23,3496.18994,3520.98999,3409.55005,3420.88989,0
2024-06-24,3420.13989,3435.56006,3243.87988,3352.16992,0
2024-06-25,3352.37012,3426.53003,3336.42993,3394.70996,0
2024-06-26,3394.8501,3424.87988,3327.70996,3370.8999,0
2024-06-27,3371.36011,3476.080078,3363.17993,3450.26001,0
2024-06-28,3450.15991,3488.12012,3368.65991,3379.90991,0
2024-06-29,3380.19995,3407.91992,3372.45996,3378.51001,0
2024-06-30,3378.62988,3459.48999,3355.88989,3438.02002,0
2024-07-01,3439.43994,3521.52002,3424.81006,3442.12012,0
2024-07-02,3442.01001,3463.6001,3401.81006,3421.40991,0
2024-07-03,3421.41992,3432.070068,3253.46997,3295.51001,0
2024-07-04,3298.050049,3313.1499,3053.71997,3059.19995,0
2024-07-05,3056.21997,3108.0,2824.090088,2982.30005,0
2024-07-06,2982.28003,3081.28003,2955.67993,3066.83008,0
2024-07-07,3066.83008,3073.11011,2923.28003,2930.90991,0
2024-07-08,2930.88989,3084.82007,2825.040039,3019.33008,0
2024-07-09,3019.33008,3113.32007,3004.69995,3066.40991,0
2024-07-10,3067.030029,3149.94995,3024.98999,3101.38989,0
2024-07-11,3101.38989,3216.45996,3054.67993,3099.19995,0
2024-07-12,3099.19995,3156.65991,3047.86011,3132.98999,0
2024-07-13,3132.98999,3201.25,3113.77002,3175.47998,0
2024-07-14,3175.82007,3267.81006,3163.90991,3244.68994,0
2024-07-15,3244.77002,3492.17993,3233.26001,3482.90991,0
2024-07-16,3483.11011,3497.58008,3347.26001,3443.87012,0
2024-07-17,3444.11011,3515.29004,3377.19995,3388.030029,0
2024-07-18,3388.030029,3488.65991,3368.56006,3426.28003,0
2024-07-19,3426.28003,3539.19995,3377.96997,3503.1001,0
2024-07-20,3503.1001,3539.15991,3480.1499,3516.34009,0
2024-07-21,3516.34009,3545.070068,3412.01001,3535.44995,0
2024-07-22,3535.77002,3560.23999,3423.46997,3439.23999,0
2024-07-23,3439.23999,3539.21997,3390.72998,3482.47998,0
2024-07-24,3482.47998,3487.5,3312.30005,3336.040039,0
2024-07-25,3336.040039,3342.0,3088.36011,3175.6499,0
2024-07-26,3175.57007,3285.27002,3171.30005,3274.94995,0
2024-07-27,3274.94995,3327.73999,3193.78003,3250.050049,0
2024-07-28,3248.6001,3283.62012,3201.19995,3271.040039,0
2024-07-29,3271.040039,3396.40991,3259.41992,3318.31006,0
2024-07-30,3317.95996,3365.40991,3235.54004,3279.12012,0
2024-07-31,3279.56006,3349.0,3214.92993,3232.19995,0
2024-08-01,3232.19995,3242.58008,3080.98999,3203.69995,0
2024-08-02,3203.30005,3217.5,2967.73999,2989.67993,0
2024-08-03,2989.6001,3017.6001,2861.1001,2902.79004,0
2024-08-04,2903.23999,2933.34009,2652.58008,2689.3501,0
2024-08-05,2690.1001,2696.98999,2130.8999,2418.54004,0
2024-08-06,2419.66992,2553.75,2416.93994,2462.28003,0
2024-08-07,2460.96997,2550.0,2310.53003,2342.6499,0
2024-08-08,2342.91992,2723.90991,2321.3999,2683.29004,0
2024-08-09,2682.26001,2706.0,2554.5,2599.040039,0
2024-08-10,2598.5,2643.080078,2576.58008,2609.57007,0
2024-08-11,2609.57007,2715.59009,2542.55005,2554.22998,0
2024-08-12,2555.20996,2749.13989,2517.40991,2722.57007,0
2024-08-13,2722.8999,2738.040039,2611.82007,2702.30005,0
2024-08-14,2703.02002,2768.12988,2634.54004,2661.91992,0
2024-08-15,2661.62988,2674.62012,2519.070068,2569.8501,0
2024-08-16,2569.76001,2628.71997,2552.5,2591.90991,0
2024-08-17,2592.8501,2627.080078,2587.46997,2614.25,0
2024-08-18,2614.25,2685.18994,2595.96997,2612.090088,0
2024-08-19,2612.090088,2647.65991,2564.93994,2636.59009,0
2024-08-20,2636.6001,2695.22998,2554.46997,2572.78003,0
2024-08-21,2573.54004,2661.71997,2537.83008,2630.32007,0
2024-08-22,2630.32007,2643.15991,2585.91992,2622.61011,0
2024-08-23,2622.62012,2796.6001,2621.12012,2761.63989,0
2024-08-24,2763.28003,2819.19995,2734.93994,2768.83008,0
2024-08-25,2768.71997,2792.090088,2733.93994,2745.73999,0
2024-08-26,2745.87988,2761.8501,2667.090088,2680.86011,0
2024-08-27,2679.98999,2699.62012,2399.83008,2457.62012,0
2024-08-28,2457.030029,2553.48999,2420.87012,2527.8501,0
2024-08-29,2528.28003,2594.59009,2505.76001,2528.54004,0
2024-08-30,2526.62012,2540.62988,2435.3999,2524.29004,0
2024-08-31,2524.51001,2532.75,2493.01001,2512.93994,0
2024-09-01,2512.54004,2515.67993,2399.67993,2426.6499,0
2024-09-02,2425.20996,2562.0,2424.67993,2537.75,0
2024-09-03,2537.75,2553.16992,2419.6499,2425.26001,0
2024-09-04,2425.40991,2489.070068,2308.84009,2450.21997,0
2024-09-05,2450.37988,2465.8501,2348.47998,2369.050049,0
2024-09-06,2368.8999,2407.42993,2152.57007,2225.47998,0
2024-09-07,2225.20996,2310.060059,2222.040039,2273.20996,0
2024-09-08,2273.75,2330.0,2242.3999,2296.26001,0
2024-09-09,2297.34009,2378.27002,2273.87012,2359.29004,0
2024-09-10,2358.96997,2398.030029,2321.58008,2387.02002,0
2024-09-11,2388.94995,2389.28003,2279.8501,2340.73999,0
2024-09-12,2339.8501,2390.37988,2316.090088,2361.62012,0
2024-09-13,2362.28003,2462.01001,2337.38989,2438.53003,0
2024-09-14,2439.3501,2440.36011,2387.70996,2417.26001,0
2024-09-15,2417.73999,2429.97998,2290.81006,2316.17993,0
2024-09-16,2313.84009,2335.69995,2254.17993,2295.71997,0
2024-09-17,2295.73999,2391.78003,2264.060059,2341.87988,0
2024-09-18,2342.1001,2375.080078,2277.48999,2374.41992,0
2024-09-19,2375.65991,2491.63989,2372.36011,2464.56006,0
2024-09-20,2465.13989,2571.23999,2437.57007,2561.21997,0
2024-09-21,2561.65991,2622.31006,2530.3501,2612.20996,0
2024-09-22,2612.32007,2630.95996,2526.96997,2581.41992,0
2024-09-23,2582.01001,2702.68994,2540.58008,2647.1499,0
2024-09-24,2647.1499,2670.98999,2592.3501,2652.62012,0
2024-09-25,2653.51001,2672.96997,2556.93994,2580.12012,0
2024-09-26,2579.61011,2664.43994,2559.66992,2631.87988,0
2024-09-27,2631.87988,2727.050049,2615.55005,2694.27002,0
2024-09-28,2694.28003,2704.15991,2650.31006,2675.040039,0
2024-09-29,2675.87988,2683.79004,2634.37012,2658.17993,0
2024-09-30,2658.17993,2663.25,2577.0,2602.29004,0
2024-10-01,2602.62988,2657.62988,2415.25,2449.63989,0
2024-10-02,2448.090088,2499.080078,2354.57007,2363.96997,0
2024-10-03,2363.38989,2403.16992,2311.11011,2349.51001,0
2024-10-04,2349.93994,2440.80005,2339.15991,2414.31006,0
2024-10-05,2414.22998,2428.29004,2390.050049,2414.62988,0
2024-10-06,2414.47998,2457.3999,2406.55005,2440.73999,0
2024-10-07,2439.58008,2520.31006,2405.32007,2423.59009,0
2024-10-08,2423.20996,2465.82007,2402.37988,2440.68,0
2024-10-09,2440.68,2473.22,2352.09,2370.83,0
2024-10-10,2370.54,2420.6,2332.48,2384.14,0
2024-10-11,2384.5,2471.29,2380.63,2439.6,0
2024-10-12,2439.6,2490.32,2434.23,2476.35,0
2024-10-13,2476.1,2484.2,2437.33,2468.82,0
2024-10-14,2468.83,2653.64,2445.0,2630.03,0
2024-10-15,2629.13,2688.0,2537.69,2607.96,0
2024-10-16,2607.19,2647.08,2588.78,2610.78,0
2024-10-17,2611.18,2645.0,2576.43,2604.97,0
2024-10-18,2605.5,2674.81,2596.42,2642.03,0
2024-10-19,2642.31,2663.89,2631.58,2647.91,0
2024-10-20,2648.04,2759.58,2636.0,2746.84,0
2024-10-21,2746.87,2768.68,2653.87,2665.73,0
2024-10-22,2666.73,2671.56,2606.99,2622.78,0
2024-10-23,2622.52,2628.0,2448.73,2524.4,0
2024-10-24,2524.86,2561.98,2508.0,2536.69,0
2024-10-25,2536.64,2565.9,2383.59,2441.79,0
2024-10-26,2441.41,2507.77,2430.69,2482.91,0
2024-10-27,2482.69,2527.56,2464.72,2507.78,0
2024-10-28,2507.48,2589.0,2471.29,2567.3,0
2024-10-29,2567.31,2680.0,2561.01,2639.29,0
2024-10-30,2639.17,2721.72,2600.01,2658.96,0
2024-10-31,2658.3,2669.53,2503.58,2519.26,0
2024-11-01,2518.37,2586.0,2466.6,2512.08,0
2024-11-02,2511.7,2523.18,2470.0,2494.5,0
2024-11-03,2494.36,2496.66,2410.81,2457.08,0
2024-11-04,2456.78,2490.73,2357.99,2399.23,0
2024-11-05,2398.11,2479.43,2381.02,2422.2,0
2024-11-06,2422.25,2742.16,2420.24,2722.17,0
2024-11-07,2721.44,2915.82,2699.38,2894.28,0
2024-11-08,2894.76,2981.26,2886.37,2961.02,0
2024-11-09,2961.62,3157.42,2952.1,3126.94,0
2024-11-10,3127.29,3248.93,3069.72,3183.75,0
2024-11-11,3183.72,3389.14,3104.43,3371.4,0
2024-11-12,3371.98,3442.18,3208.08,3244.84,0
2024-11-13,3243.84,3331.18,3111.0,3186.51,0
2024-11-14,3186.62,3239.38,3030.0,3058.81,0
2024-11-15,3057.45,3128.98,3011.89,3089.45,0
2024-11-16,3088.8,3219.39,3071.81,3132.42,0
2024-11-17,3132.8,3161.99,3035.42,3076.02,0
2024-11-18,3076.4,3223.52,3051.57,3208.1,0
2024-11-19,3207.52,3220.99,3065.0,3107.08,0
2024-11-20,3107.31,3157.09,3030.0,3069.65,0
2024-11-21,3069.0,3386.54,3033.01,3356.06,0
2024-11-22,3355.38,3426.63,3257.69,3327.24,0
2024-11-23,3328.24,3495.5,3313.09,3393.55,0
2024-11-24,3393.69,3449.48,3287.0,3360.87,0
2024-11-25,3361.0,3545.76,3300.41,3414.58,0
2024-11-26,3413.5,3461.87,3252.26,3324.51,0
2024-11-27,3324.51,3685.59,3301.85,3653.76,0
2024-11-28,3652.47,3662.39,3530.01,3578.52,0
2024-11-29,3578.97,3645.5,3535.63,3592.52,0
2024-11-30,3592.18,3738.05,3568.82,3702.98,0
2024-12-01,3702.98,3746.26,3659.74,3708.01,0
2024-12-02,3707.25,3759.91,3556.06,3643.47,0
2024-12-03,3643.13,3670.71,3502.26,3614.53,0
2024-12-04,3614.98,3886.4,3614.68,3838.14,0
2024-12-05,3838.04,3954.24,3670.0,3784.89,0
2024-12-06,3785.32,4087.87,3777.55,3999.69,0
2024-12-07,3999.01,4024.67,3969.0,3995.88,0
2024-12-08,3995.91,4015.49,3920.43,4004.32,0
2024-12-09,4004.39,4006.15,3500.0,3712.41,0
2024-12-10,3711.75,3780.0,3515.57,3627.96,0
2024-12-11,3627.51,3847.5,3562.93,3830.9,0
2024-12-12,3831.43,3986.0,3797.26,3881.07,0
2024-12-13,3881.25,3968.07,3853.31,3906.51,0
2024-12-14,3906.4,3944.93,3824.99,3870.72,0
2024-12-15,3869.19,3974.72,3832.28,3959.18,0
2024-12-16,3959.21,4106.73,3884.62,3986.27,0
2024-12-17,3986.32,4041.59,3850.0,3894.05,0
2024-12-18,3893.77,3907.11,3620.18,3628.68,0
2024-12-19,3629.33,3719.18,3325.59,3418.25,0
2024-12-20,3418.14,3496.8,3101.0,3471.03,0
2024-12-21,3471.29,3555.15,3291.96,3339.62,0
2024-12-22,3339.51,3402.79,3221.05,3281.61,0
2024-12-23,3281.81,3466.59,3216.82,3422.2,0
2024-12-24,3421.53,3539.47,3358.27,3493.12,0
2024-12-25,3492.86,3546.34,3440.0,3495.89,0
2024-12-26,3496.14,3513.55,3304.81,3335.18,0
2024-12-27,3334.43,3443.05,3308.19,3333.54,0
2024-12-28,3333.56,3426.28,3322.11,3403.46,0
2024-12-29,3403.34,3411.99,3325.92,3355.69,0
2024-12-30,3356.23,3435.94,3306.0,3361.08,0
2024-12-31,3361.19,3450.21,3316.11,3338.09,0
2025-01-01,3337.94,3374.33,3315.3,3360.72,0
2025-01-02,3360.44,3518.32,3354.66,3455.79,0
2025-01-03,3456.08,3629.81,3423.34,3608.66,0
2025-01-04,3608.67,3670.72,3572.56,3656.48,0
2025-01-05,3656.45,3674.77,3593.7,3636.25,0
2025-01-06,3636.25,3743.98,3609.89,3687.47,0
2025-01-07,3687.0,3700.96,3357.0,3380.73,0
2025-01-08,3381.63,3415.01,3209.06,3327.77,0
2025-01-09,3327.35,3356.63,3157.66,3218.66,0
2025-01-10,3219.38,3322.06,3194.94,3267.17,0
2025-01-11,3267.21,3320.0,3218.74,3283.06,0
2025-01-12,3282.77,3300.14,3225.15,3267.81,0
2025-01-13,3267.69,3338.0,2920.0,3137.73,0
2025-01-14,3137.52,3255.76,3125.31,3224.33,0
2025-01-15,3225.62,3471.0,3186.2,3450.82,0
2025-01-16,3450.75,3461.49,3265.67,3307.45,0
2025-01-17,3308.87,3524.66,3307.65,3473.46,0
2025-01-18,3477.67,3494.0,3227.99,3309.03,0
2025-01-19,3308.38,3447.71,3130.0,3215.0,0
2025-01-20,3215.0,3454.66,3143.47,3283.36,0
2025-01-21,3282.05,3367.0,3205.26,3327.66,0
2025-01-22,3327.49,3364.72,3223.0,3242.66,0
2025-01-23,3241.64,3348.1,3185.01,3337.59,0
2025-01-24,3338.6,3429.58,3275.39,3311.39,0
2025-01-25,3307.8,3351.07,3270.0,3318.13,0
2025-01-26,3318.94,3361.37,3230.12,3233.34,0
2025-01-27,3232.69,3254.13,3023.31,3182.76,0
2025-01-28,3182.51,3223.83,3040.95,3078.3,0
2025-01-29,3077.26,3182.44,3055.1,3113.36,0
2025-01-30,3114.02,3282.98,3091.01,3247.37,0
2025-01-31,3247.28,3437.27,3213.61,3300.37,0
2025-02-01,3301.13,3331.3,3101.83,3118.08,0
2025-02-02,3116.13,3164.83,2750.0,2869.78,0
2025-02-03,2870.57,2920.28,2090.4,2879.52,0
2025-02-04,2879.88,2889.1,2633.33,2731.81,0
2025-02-05,2732.0,2827.35,2699.39,2788.95,0
2025-02-06,2788.36,2857.13,2655.97,2688.04,0
2025-02-07,2686.95,2797.47,2563.16,2623.59,0
2025-02-08,2621.0,2667.44,2588.9,2632.92,0
2025-02-09,2633.04,2697.61,2521.21,2627.19,0
2025-02-10,2627.06,2692.9,2559.61,2660.84,0
2025-02-11,2661.11,2724.48,2557.83,2602.59,0
2025-02-12,2602.21,2794.44,2547.85,2735.53,0
2025-02-13,2738.76,2757.12,2613.25,2675.58,0
2025-02-14,2675.84,2790.89,2664.49,2725.54,0
2025-02-15,2726.18,2738.76,2662.56,2693.54,0
2025-02-16,2693.02,2727.08,2650.68,2661.38,0
2025-02-17,2661.0,2848.63,2637.68,2744.81,0
2025-02-18,2744.68,2757.32,2605.55,2670.96,0
2025-02-19,2672.02,2736.51,2656.01,2716.62,0
2025-02-20,2716.21,2769.88,2707.33,2739.13,0
2025-02-21,2743.11,2845.0,2616.97,2662.63,0
2025-02-22,2662.8,2797.9,2653.29,2763.06,0
2025-02-23,2762.87,2856.72,2745.13,2818.99,0
2025-02-24,2819.89,2839.93,2470.76,2514.2,0
2025-02-25,2514.2,2533.87,2317.77,2495.25,0
2025-02-26,2495.65,2507.48,2254.0,2337.72,0
2025-02-27,2336.61,2381.43,2231.57,2307.34,0
2025-02-28,2308.11,2314.27,2075.04,2236.62,0
2025-03-01,2237.54,2281.41,2143.22,2217.84,0
2025-03-02,2217.32,2552.29,2172.73,2517.96,0
2025-03-03,2520.0,2523.73,2098.06,2149.62,0
2025-03-04,2149.97,2221.72,1991.66,2171.56,0
2025-03-05,2171.13,2273.25,2155.02,2241.74,0
2025-03-06,2241.82,2319.72,2177.4,2202.02,0
2025-03-07,2203.14,2258.33,2102.38,2140.88,0
2025-03-08,2140.63,2234.43,2105.61,2202.38,0
2025-03-09,2203.68,2211.49,1989.8,2020.35,0
2025-03-10,2020.4,2152.27,1810.15,1865.06,0
2025-03-11,1866.58,1962.99,1756.0,1922.7,0
2025-03-12,1923.22,1956.69,1831.0,1907.94,0
2025-03-13,1907.69,1921.74,1821.7,1865.33,0
2025-03-14,1864.57,1945.08,1861.37,1924.91,0
